DROP SCHEMA `celabdb` ;
CREATE SCHEMA `celabdb` ;
USE celabdb;

CREATE TABLE `BorrowStatus` (
  `status_id` INT NOT NULL ,
  `status_name` VARCHAR(45) NULL ,
  `status_description` TEXT NULL ,
  PRIMARY KEY (`status_id`) );
INSERT INTO BorrowStatus VALUES(0,'Muon muon','Muon muon va dang cho duoc accept');
INSERT INTO BorrowStatus VALUES(1,'Dang muon','Dang muon va chua co y dinh tra');
INSERT INTO BorrowStatus VALUES(2,'Muon tra','Muon tra va dang cho duoc accept');
INSERT INTO BorrowStatus VALUES(3,'Da tra','Da tra mot cach thanh cong');
INSERT INTO BorrowStatus VALUES(5,'Reject','Do mot so van de, khong the cho muon');
CREATE TABLE `BorrowType` (
  `type_id` INT NOT NULL ,
  `type_name` VARCHAR(80) NULL ,
  `description` TEXT NULL ,
  PRIMARY KEY (`type_id`) );
INSERT INTO BorrowType VALUES(0,'Tai phong','Muon va su dung trong phong lab');
INSERT INTO BorrowType VALUES(1,'Ve nha','Muon va su dung ngoai phong lab');
CREATE TABLE `DeviceName` (
  `device_id` INT NOT NULL ,
  `device_name` VARCHAR(80) NULL ,
  `no_total` INT NULL ,
  `no_available` INT NULL ,
  `description` TEXT NULL ,
  PRIMARY KEY (`device_id`) );
INSERT INTO DeviceName VALUES(0,'Board DE2',40,39,'Altera');
INSERT INTO DeviceName VALUES(1,'Board PIC',20,20,'_');
INSERT INTO DeviceName VALUES(2,'PIC Extension Matrix Board',20,16,'_');
INSERT INTO DeviceName VALUES(3,'PIC LCD Board mini',20,20,'_');
INSERT INTO DeviceName VALUES(4,'PIC Extension LCD Board',20,20,'_');
INSERT INTO DeviceName VALUES(5,'PIC USB Cable',20,20,'_');
INSERT INTO DeviceName VALUES(6,'Board 8951',20,20,'_');
INSERT INTO DeviceName VALUES(7,'Com Cable 8951',20,20,'_');
INSERT INTO DeviceName VALUES(8,'USB Cable 8951',20,20,'_');
INSERT INTO DeviceName VALUES(9,'Real Time Clock 8951',20,20,'_');
INSERT INTO DeviceName VALUES(10,'Board H8',20,20,'_');
INSERT INTO DeviceName VALUES(11,'Board H8+Extension',1,1,'_');
INSERT INTO DeviceName VALUES(12,'T-Engine',37,37,'_');
INSERT INTO DeviceName VALUES(13,'LCD Touch Screen for DE2',5,5,'_');
INSERT INTO DeviceName VALUES(14,'Camera for DE2',10,10,'_');
INSERT INTO DeviceName VALUES(15,'Máy Tính',40,40,'_');
INSERT INTO DeviceName VALUES(16,'Màn Hình',40,40,'_');
INSERT INTO DeviceName VALUES(17,'Server IBM',1,1,'_');
INSERT INTO DeviceName VALUES(18,'Stellaris 3748',5,5,'Texas Instruments');
INSERT INTO DeviceName VALUES(19,'Stellaris 6965',5,4,'Texas Instruments');
CREATE TABLE `DeviceUnit` (
  `unit_id` INT NOT NULL ,
  `device_id` INT NULL ,
  `unit_code` VARCHAR(45) NULL ,
  `description` TEXT NULL , 
  `status` INTEGER NOT NULL  DEFAULT 1,
  PRIMARY KEY (`unit_id`) );
INSERT INTO DeviceUnit VALUES(0,0,'0 - 0','Board DE2 - Altera - 0',0);
INSERT INTO DeviceUnit VALUES(1,0,'0 - 1','Board DE2 - Altera - 1',1);
INSERT INTO DeviceUnit VALUES(2,0,'0 - 2','Board DE2 - Altera - 2',1);
INSERT INTO DeviceUnit VALUES(3,0,'0 - 3','Board DE2 - Altera - 3',1);
INSERT INTO DeviceUnit VALUES(4,0,'0 - 4','Board DE2 - Altera - 4',1);
INSERT INTO DeviceUnit VALUES(5,0,'0 - 5','Board DE2 - Altera - 5',1);
INSERT INTO DeviceUnit VALUES(6,0,'0 - 6','Board DE2 - Altera - 6',1);
INSERT INTO DeviceUnit VALUES(7,0,'0 - 7','Board DE2 - Altera - 7',1);
INSERT INTO DeviceUnit VALUES(8,0,'0 - 8','Board DE2 - Altera - 8',1);
INSERT INTO DeviceUnit VALUES(9,0,'0 - 9','Board DE2 - Altera - 9',1);
INSERT INTO DeviceUnit VALUES(10,0,'0 - 10','Board DE2 - Altera - 10',1);
INSERT INTO DeviceUnit VALUES(11,0,'0 - 11','Board DE2 - Altera - 11',1);
INSERT INTO DeviceUnit VALUES(12,0,'0 - 12','Board DE2 - Altera - 12',1);
INSERT INTO DeviceUnit VALUES(13,0,'0 - 13','Board DE2 - Altera - 13',1);
INSERT INTO DeviceUnit VALUES(14,0,'0 - 14','Board DE2 - Altera - 14',1);
INSERT INTO DeviceUnit VALUES(15,0,'0 - 15','Board DE2 - Altera - 15',1);
INSERT INTO DeviceUnit VALUES(16,0,'0 - 16','Board DE2 - Altera - 16',1);
INSERT INTO DeviceUnit VALUES(17,0,'0 - 17','Board DE2 - Altera - 17',1);
INSERT INTO DeviceUnit VALUES(18,0,'0 - 18','Board DE2 - Altera - 18',1);
INSERT INTO DeviceUnit VALUES(19,0,'0 - 19','Board DE2 - Altera - 19',1);
INSERT INTO DeviceUnit VALUES(20,0,'0 - 20','Board DE2 - Altera - 20',1);
INSERT INTO DeviceUnit VALUES(21,0,'0 - 21','Board DE2 - Altera - 21',1);
INSERT INTO DeviceUnit VALUES(22,0,'0 - 22','Board DE2 - Altera - 22',1);
INSERT INTO DeviceUnit VALUES(23,0,'0 - 23','Board DE2 - Altera - 23',1);
INSERT INTO DeviceUnit VALUES(24,0,'0 - 24','Board DE2 - Altera - 24',1);
INSERT INTO DeviceUnit VALUES(25,0,'0 - 25','Board DE2 - Altera - 25',1);
INSERT INTO DeviceUnit VALUES(26,0,'0 - 26','Board DE2 - Altera - 26',1);
INSERT INTO DeviceUnit VALUES(27,0,'0 - 27','Board DE2 - Altera - 27',1);
INSERT INTO DeviceUnit VALUES(28,0,'0 - 28','Board DE2 - Altera - 28',1);
INSERT INTO DeviceUnit VALUES(29,0,'0 - 29','Board DE2 - Altera - 29',1);
INSERT INTO DeviceUnit VALUES(30,0,'0 - 30','Board DE2 - Altera - 30',1);
INSERT INTO DeviceUnit VALUES(31,0,'0 - 31','Board DE2 - Altera - 31',1);
INSERT INTO DeviceUnit VALUES(32,0,'0 - 32','Board DE2 - Altera - 32',1);
INSERT INTO DeviceUnit VALUES(33,0,'0 - 33','Board DE2 - Altera - 33',1);
INSERT INTO DeviceUnit VALUES(34,0,'0 - 34','Board DE2 - Altera - 34',1);
INSERT INTO DeviceUnit VALUES(35,0,'0 - 35','Board DE2 - Altera - 35',1);
INSERT INTO DeviceUnit VALUES(36,0,'0 - 36','Board DE2 - Altera - 36',1);
INSERT INTO DeviceUnit VALUES(37,0,'0 - 37','Board DE2 - Altera - 37',1);
INSERT INTO DeviceUnit VALUES(38,0,'0 - 38','Board DE2 - Altera - 38',1);
INSERT INTO DeviceUnit VALUES(39,0,'0 - 39','Board DE2 - Altera - 39',1);
INSERT INTO DeviceUnit VALUES(40,1,'1 - 0','Board PIC - _ - 0',1);
INSERT INTO DeviceUnit VALUES(41,1,'1 - 1','Board PIC - _ - 1',1);
INSERT INTO DeviceUnit VALUES(42,1,'1 - 2','Board PIC - _ - 2',1);
INSERT INTO DeviceUnit VALUES(43,1,'1 - 3','Board PIC - _ - 3',1);
INSERT INTO DeviceUnit VALUES(44,1,'1 - 4','Board PIC - _ - 4',1);
INSERT INTO DeviceUnit VALUES(45,1,'1 - 5','Board PIC - _ - 5',1);
INSERT INTO DeviceUnit VALUES(46,1,'1 - 6','Board PIC - _ - 6',1);
INSERT INTO DeviceUnit VALUES(47,1,'1 - 7','Board PIC - _ - 7',1);
INSERT INTO DeviceUnit VALUES(48,1,'1 - 8','Board PIC - _ - 8',1);
INSERT INTO DeviceUnit VALUES(49,1,'1 - 9','Board PIC - _ - 9',1);
INSERT INTO DeviceUnit VALUES(50,1,'1 - 10','Board PIC - _ - 10',1);
INSERT INTO DeviceUnit VALUES(51,1,'1 - 11','Board PIC - _ - 11',1);
INSERT INTO DeviceUnit VALUES(52,1,'1 - 12','Board PIC - _ - 12',1);
INSERT INTO DeviceUnit VALUES(53,1,'1 - 13','Board PIC - _ - 13',1);
INSERT INTO DeviceUnit VALUES(54,1,'1 - 14','Board PIC - _ - 14',1);
INSERT INTO DeviceUnit VALUES(55,1,'1 - 15','Board PIC - _ - 15',1);
INSERT INTO DeviceUnit VALUES(56,1,'1 - 16','Board PIC - _ - 16',1);
INSERT INTO DeviceUnit VALUES(57,1,'1 - 17','Board PIC - _ - 17',1);
INSERT INTO DeviceUnit VALUES(58,1,'1 - 18','Board PIC - _ - 18',1);
INSERT INTO DeviceUnit VALUES(59,1,'1 - 19','Board PIC - _ - 19',1);
INSERT INTO DeviceUnit VALUES(60,2,'2 - 0','PIC Extension Matrix Board - _ - 0',1);
INSERT INTO DeviceUnit VALUES(61,2,'2 - 1','PIC Extension Matrix Board - _ - 1',1);
INSERT INTO DeviceUnit VALUES(62,2,'2 - 2','PIC Extension Matrix Board - _ - 2',1);
INSERT INTO DeviceUnit VALUES(63,2,'2 - 3','PIC Extension Matrix Board - _ - 3',0);
INSERT INTO DeviceUnit VALUES(64,2,'2 - 4','PIC Extension Matrix Board - _ - 4',1);
INSERT INTO DeviceUnit VALUES(65,2,'2 - 5','PIC Extension Matrix Board - _ - 5',1);
INSERT INTO DeviceUnit VALUES(66,2,'2 - 6','PIC Extension Matrix Board - _ - 6',1);
INSERT INTO DeviceUnit VALUES(67,2,'2 - 7','PIC Extension Matrix Board - _ - 7',1);
INSERT INTO DeviceUnit VALUES(68,2,'2 - 8','PIC Extension Matrix Board - _ - 8',1);
INSERT INTO DeviceUnit VALUES(69,2,'2 - 9','PIC Extension Matrix Board - _ - 9',1);
INSERT INTO DeviceUnit VALUES(70,2,'2 - 10','PIC Extension Matrix Board - _ - 10',1);
INSERT INTO DeviceUnit VALUES(71,2,'2 - 11','PIC Extension Matrix Board - _ - 11',1);
INSERT INTO DeviceUnit VALUES(72,2,'2 - 12','PIC Extension Matrix Board - _ - 12',1);
INSERT INTO DeviceUnit VALUES(73,2,'2 - 13','PIC Extension Matrix Board - _ - 13',1);
INSERT INTO DeviceUnit VALUES(74,2,'2 - 14','PIC Extension Matrix Board - _ - 14',1);
INSERT INTO DeviceUnit VALUES(75,2,'2 - 15','PIC Extension Matrix Board - _ - 15',1);
INSERT INTO DeviceUnit VALUES(76,2,'2 - 16','PIC Extension Matrix Board - _ - 16',1);
INSERT INTO DeviceUnit VALUES(77,2,'2 - 17','PIC Extension Matrix Board - _ - 17',1);
INSERT INTO DeviceUnit VALUES(78,2,'2 - 18','PIC Extension Matrix Board - _ - 18',1);
INSERT INTO DeviceUnit VALUES(79,2,'2 - 19','PIC Extension Matrix Board - _ - 19',1);
INSERT INTO DeviceUnit VALUES(80,3,'3 - 0','PIC LCD Board mini - _ - 0',1);
INSERT INTO DeviceUnit VALUES(81,3,'3 - 1','PIC LCD Board mini - _ - 1',1);
INSERT INTO DeviceUnit VALUES(82,3,'3 - 2','PIC LCD Board mini - _ - 2',1);
INSERT INTO DeviceUnit VALUES(83,3,'3 - 3','PIC LCD Board mini - _ - 3',1);
INSERT INTO DeviceUnit VALUES(84,3,'3 - 4','PIC LCD Board mini - _ - 4',1);
INSERT INTO DeviceUnit VALUES(85,3,'3 - 5','PIC LCD Board mini - _ - 5',1);
INSERT INTO DeviceUnit VALUES(86,3,'3 - 6','PIC LCD Board mini - _ - 6',1);
INSERT INTO DeviceUnit VALUES(87,3,'3 - 7','PIC LCD Board mini - _ - 7',1);
INSERT INTO DeviceUnit VALUES(88,3,'3 - 8','PIC LCD Board mini - _ - 8',1);
INSERT INTO DeviceUnit VALUES(89,3,'3 - 9','PIC LCD Board mini - _ - 9',1);
INSERT INTO DeviceUnit VALUES(90,3,'3 - 10','PIC LCD Board mini - _ - 10',1);
INSERT INTO DeviceUnit VALUES(91,3,'3 - 11','PIC LCD Board mini - _ - 11',1);
INSERT INTO DeviceUnit VALUES(92,3,'3 - 12','PIC LCD Board mini - _ - 12',1);
INSERT INTO DeviceUnit VALUES(93,3,'3 - 13','PIC LCD Board mini - _ - 13',1);
INSERT INTO DeviceUnit VALUES(94,3,'3 - 14','PIC LCD Board mini - _ - 14',1);
INSERT INTO DeviceUnit VALUES(95,3,'3 - 15','PIC LCD Board mini - _ - 15',1);
INSERT INTO DeviceUnit VALUES(96,3,'3 - 16','PIC LCD Board mini - _ - 16',1);
INSERT INTO DeviceUnit VALUES(97,3,'3 - 17','PIC LCD Board mini - _ - 17',1);
INSERT INTO DeviceUnit VALUES(98,3,'3 - 18','PIC LCD Board mini - _ - 18',1);
INSERT INTO DeviceUnit VALUES(99,3,'3 - 19','PIC LCD Board mini - _ - 19',1);
INSERT INTO DeviceUnit VALUES(100,4,'4 - 0','PIC Extension LCD Board - _ - 0',1);
INSERT INTO DeviceUnit VALUES(101,4,'4 - 1','PIC Extension LCD Board - _ - 1',1);
INSERT INTO DeviceUnit VALUES(102,4,'4 - 2','PIC Extension LCD Board - _ - 2',1);
INSERT INTO DeviceUnit VALUES(103,4,'4 - 3','PIC Extension LCD Board - _ - 3',1);
INSERT INTO DeviceUnit VALUES(104,4,'4 - 4','PIC Extension LCD Board - _ - 4',1);
INSERT INTO DeviceUnit VALUES(105,4,'4 - 5','PIC Extension LCD Board - _ - 5',1);
INSERT INTO DeviceUnit VALUES(106,4,'4 - 6','PIC Extension LCD Board - _ - 6',1);
INSERT INTO DeviceUnit VALUES(107,4,'4 - 7','PIC Extension LCD Board - _ - 7',1);
INSERT INTO DeviceUnit VALUES(108,4,'4 - 8','PIC Extension LCD Board - _ - 8',1);
INSERT INTO DeviceUnit VALUES(109,4,'4 - 9','PIC Extension LCD Board - _ - 9',1);
INSERT INTO DeviceUnit VALUES(110,4,'4 - 10','PIC Extension LCD Board - _ - 10',1);
INSERT INTO DeviceUnit VALUES(111,4,'4 - 11','PIC Extension LCD Board - _ - 11',1);
INSERT INTO DeviceUnit VALUES(112,4,'4 - 12','PIC Extension LCD Board - _ - 12',1);
INSERT INTO DeviceUnit VALUES(113,4,'4 - 13','PIC Extension LCD Board - _ - 13',1);
INSERT INTO DeviceUnit VALUES(114,4,'4 - 14','PIC Extension LCD Board - _ - 14',1);
INSERT INTO DeviceUnit VALUES(115,4,'4 - 15','PIC Extension LCD Board - _ - 15',1);
INSERT INTO DeviceUnit VALUES(116,4,'4 - 16','PIC Extension LCD Board - _ - 16',1);
INSERT INTO DeviceUnit VALUES(117,4,'4 - 17','PIC Extension LCD Board - _ - 17',1);
INSERT INTO DeviceUnit VALUES(118,4,'4 - 18','PIC Extension LCD Board - _ - 18',1);
INSERT INTO DeviceUnit VALUES(119,4,'4 - 19','PIC Extension LCD Board - _ - 19',1);
INSERT INTO DeviceUnit VALUES(120,5,'5 - 0','PIC USB Cable - _ - 0',1);
INSERT INTO DeviceUnit VALUES(121,5,'5 - 1','PIC USB Cable - _ - 1',1);
INSERT INTO DeviceUnit VALUES(122,5,'5 - 2','PIC USB Cable - _ - 2',1);
INSERT INTO DeviceUnit VALUES(123,5,'5 - 3','PIC USB Cable - _ - 3',1);
INSERT INTO DeviceUnit VALUES(124,5,'5 - 4','PIC USB Cable - _ - 4',1);
INSERT INTO DeviceUnit VALUES(125,5,'5 - 5','PIC USB Cable - _ - 5',1);
INSERT INTO DeviceUnit VALUES(126,5,'5 - 6','PIC USB Cable - _ - 6',1);
INSERT INTO DeviceUnit VALUES(127,5,'5 - 7','PIC USB Cable - _ - 7',1);
INSERT INTO DeviceUnit VALUES(128,5,'5 - 8','PIC USB Cable - _ - 8',1);
INSERT INTO DeviceUnit VALUES(129,5,'5 - 9','PIC USB Cable - _ - 9',1);
INSERT INTO DeviceUnit VALUES(130,5,'5 - 10','PIC USB Cable - _ - 10',1);
INSERT INTO DeviceUnit VALUES(131,5,'5 - 11','PIC USB Cable - _ - 11',1);
INSERT INTO DeviceUnit VALUES(132,5,'5 - 12','PIC USB Cable - _ - 12',1);
INSERT INTO DeviceUnit VALUES(133,5,'5 - 13','PIC USB Cable - _ - 13',1);
INSERT INTO DeviceUnit VALUES(134,5,'5 - 14','PIC USB Cable - _ - 14',1);
INSERT INTO DeviceUnit VALUES(135,5,'5 - 15','PIC USB Cable - _ - 15',1);
INSERT INTO DeviceUnit VALUES(136,5,'5 - 16','PIC USB Cable - _ - 16',1);
INSERT INTO DeviceUnit VALUES(137,5,'5 - 17','PIC USB Cable - _ - 17',1);
INSERT INTO DeviceUnit VALUES(138,5,'5 - 18','PIC USB Cable - _ - 18',1);
INSERT INTO DeviceUnit VALUES(139,5,'5 - 19','PIC USB Cable - _ - 19',1);
INSERT INTO DeviceUnit VALUES(140,6,'6 - 0','Board 8951 - _ - 0',1);
INSERT INTO DeviceUnit VALUES(141,6,'6 - 1','Board 8951 - _ - 1',1);
INSERT INTO DeviceUnit VALUES(142,6,'6 - 2','Board 8951 - _ - 2',1);
INSERT INTO DeviceUnit VALUES(143,6,'6 - 3','Board 8951 - _ - 3',1);
INSERT INTO DeviceUnit VALUES(144,6,'6 - 4','Board 8951 - _ - 4',1);
INSERT INTO DeviceUnit VALUES(145,6,'6 - 5','Board 8951 - _ - 5',1);
INSERT INTO DeviceUnit VALUES(146,6,'6 - 6','Board 8951 - _ - 6',1);
INSERT INTO DeviceUnit VALUES(147,6,'6 - 7','Board 8951 - _ - 7',1);
INSERT INTO DeviceUnit VALUES(148,6,'6 - 8','Board 8951 - _ - 8',1);
INSERT INTO DeviceUnit VALUES(149,6,'6 - 9','Board 8951 - _ - 9',1);
INSERT INTO DeviceUnit VALUES(150,6,'6 - 10','Board 8951 - _ - 10',1);
INSERT INTO DeviceUnit VALUES(151,6,'6 - 11','Board 8951 - _ - 11',1);
INSERT INTO DeviceUnit VALUES(152,6,'6 - 12','Board 8951 - _ - 12',1);
INSERT INTO DeviceUnit VALUES(153,6,'6 - 13','Board 8951 - _ - 13',1);
INSERT INTO DeviceUnit VALUES(154,6,'6 - 14','Board 8951 - _ - 14',1);
INSERT INTO DeviceUnit VALUES(155,6,'6 - 15','Board 8951 - _ - 15',1);
INSERT INTO DeviceUnit VALUES(156,6,'6 - 16','Board 8951 - _ - 16',1);
INSERT INTO DeviceUnit VALUES(157,6,'6 - 17','Board 8951 - _ - 17',1);
INSERT INTO DeviceUnit VALUES(158,6,'6 - 18','Board 8951 - _ - 18',1);
INSERT INTO DeviceUnit VALUES(159,6,'6 - 19','Board 8951 - _ - 19',1);
INSERT INTO DeviceUnit VALUES(160,7,'7 - 0','Com Cable 8951 - _ - 0',1);
INSERT INTO DeviceUnit VALUES(161,7,'7 - 1','Com Cable 8951 - _ - 1',1);
INSERT INTO DeviceUnit VALUES(162,7,'7 - 2','Com Cable 8951 - _ - 2',1);
INSERT INTO DeviceUnit VALUES(163,7,'7 - 3','Com Cable 8951 - _ - 3',1);
INSERT INTO DeviceUnit VALUES(164,7,'7 - 4','Com Cable 8951 - _ - 4',1);
INSERT INTO DeviceUnit VALUES(165,7,'7 - 5','Com Cable 8951 - _ - 5',1);
INSERT INTO DeviceUnit VALUES(166,7,'7 - 6','Com Cable 8951 - _ - 6',1);
INSERT INTO DeviceUnit VALUES(167,7,'7 - 7','Com Cable 8951 - _ - 7',1);
INSERT INTO DeviceUnit VALUES(168,7,'7 - 8','Com Cable 8951 - _ - 8',1);
INSERT INTO DeviceUnit VALUES(169,7,'7 - 9','Com Cable 8951 - _ - 9',1);
INSERT INTO DeviceUnit VALUES(170,7,'7 - 10','Com Cable 8951 - _ - 10',1);
INSERT INTO DeviceUnit VALUES(171,7,'7 - 11','Com Cable 8951 - _ - 11',1);
INSERT INTO DeviceUnit VALUES(172,7,'7 - 12','Com Cable 8951 - _ - 12',1);
INSERT INTO DeviceUnit VALUES(173,7,'7 - 13','Com Cable 8951 - _ - 13',1);
INSERT INTO DeviceUnit VALUES(174,7,'7 - 14','Com Cable 8951 - _ - 14',1);
INSERT INTO DeviceUnit VALUES(175,7,'7 - 15','Com Cable 8951 - _ - 15',1);
INSERT INTO DeviceUnit VALUES(176,7,'7 - 16','Com Cable 8951 - _ - 16',1);
INSERT INTO DeviceUnit VALUES(177,7,'7 - 17','Com Cable 8951 - _ - 17',1);
INSERT INTO DeviceUnit VALUES(178,7,'7 - 18','Com Cable 8951 - _ - 18',1);
INSERT INTO DeviceUnit VALUES(179,7,'7 - 19','Com Cable 8951 - _ - 19',1);
INSERT INTO DeviceUnit VALUES(180,8,'8 - 0','USB Cable 8951 - _ - 0',1);
INSERT INTO DeviceUnit VALUES(181,8,'8 - 1','USB Cable 8951 - _ - 1',1);
INSERT INTO DeviceUnit VALUES(182,8,'8 - 2','USB Cable 8951 - _ - 2',1);
INSERT INTO DeviceUnit VALUES(183,8,'8 - 3','USB Cable 8951 - _ - 3',1);
INSERT INTO DeviceUnit VALUES(184,8,'8 - 4','USB Cable 8951 - _ - 4',1);
INSERT INTO DeviceUnit VALUES(185,8,'8 - 5','USB Cable 8951 - _ - 5',1);
INSERT INTO DeviceUnit VALUES(186,8,'8 - 6','USB Cable 8951 - _ - 6',1);
INSERT INTO DeviceUnit VALUES(187,8,'8 - 7','USB Cable 8951 - _ - 7',1);
INSERT INTO DeviceUnit VALUES(188,8,'8 - 8','USB Cable 8951 - _ - 8',1);
INSERT INTO DeviceUnit VALUES(189,8,'8 - 9','USB Cable 8951 - _ - 9',1);
INSERT INTO DeviceUnit VALUES(190,8,'8 - 10','USB Cable 8951 - _ - 10',1);
INSERT INTO DeviceUnit VALUES(191,8,'8 - 11','USB Cable 8951 - _ - 11',1);
INSERT INTO DeviceUnit VALUES(192,8,'8 - 12','USB Cable 8951 - _ - 12',1);
INSERT INTO DeviceUnit VALUES(193,8,'8 - 13','USB Cable 8951 - _ - 13',1);
INSERT INTO DeviceUnit VALUES(194,8,'8 - 14','USB Cable 8951 - _ - 14',1);
INSERT INTO DeviceUnit VALUES(195,8,'8 - 15','USB Cable 8951 - _ - 15',1);
INSERT INTO DeviceUnit VALUES(196,8,'8 - 16','USB Cable 8951 - _ - 16',1);
INSERT INTO DeviceUnit VALUES(197,8,'8 - 17','USB Cable 8951 - _ - 17',1);
INSERT INTO DeviceUnit VALUES(198,8,'8 - 18','USB Cable 8951 - _ - 18',1);
INSERT INTO DeviceUnit VALUES(199,8,'8 - 19','USB Cable 8951 - _ - 19',1);
INSERT INTO DeviceUnit VALUES(200,9,'9 - 0','Real Time Clock 8951 - _ - 0',1);
INSERT INTO DeviceUnit VALUES(201,9,'9 - 1','Real Time Clock 8951 - _ - 1',1);
INSERT INTO DeviceUnit VALUES(202,9,'9 - 2','Real Time Clock 8951 - _ - 2',1);
INSERT INTO DeviceUnit VALUES(203,9,'9 - 3','Real Time Clock 8951 - _ - 3',1);
INSERT INTO DeviceUnit VALUES(204,9,'9 - 4','Real Time Clock 8951 - _ - 4',1);
INSERT INTO DeviceUnit VALUES(205,9,'9 - 5','Real Time Clock 8951 - _ - 5',1);
INSERT INTO DeviceUnit VALUES(206,9,'9 - 6','Real Time Clock 8951 - _ - 6',1);
INSERT INTO DeviceUnit VALUES(207,9,'9 - 7','Real Time Clock 8951 - _ - 7',1);
INSERT INTO DeviceUnit VALUES(208,9,'9 - 8','Real Time Clock 8951 - _ - 8',1);
INSERT INTO DeviceUnit VALUES(209,9,'9 - 9','Real Time Clock 8951 - _ - 9',1);
INSERT INTO DeviceUnit VALUES(210,9,'9 - 10','Real Time Clock 8951 - _ - 10',1);
INSERT INTO DeviceUnit VALUES(211,9,'9 - 11','Real Time Clock 8951 - _ - 11',1);
INSERT INTO DeviceUnit VALUES(212,9,'9 - 12','Real Time Clock 8951 - _ - 12',1);
INSERT INTO DeviceUnit VALUES(213,9,'9 - 13','Real Time Clock 8951 - _ - 13',1);
INSERT INTO DeviceUnit VALUES(214,9,'9 - 14','Real Time Clock 8951 - _ - 14',1);
INSERT INTO DeviceUnit VALUES(215,9,'9 - 15','Real Time Clock 8951 - _ - 15',1);
INSERT INTO DeviceUnit VALUES(216,9,'9 - 16','Real Time Clock 8951 - _ - 16',1);
INSERT INTO DeviceUnit VALUES(217,9,'9 - 17','Real Time Clock 8951 - _ - 17',1);
INSERT INTO DeviceUnit VALUES(218,9,'9 - 18','Real Time Clock 8951 - _ - 18',1);
INSERT INTO DeviceUnit VALUES(219,9,'9 - 19','Real Time Clock 8951 - _ - 19',1);
INSERT INTO DeviceUnit VALUES(220,10,'10 - 0','Board H8 - _ - 0',1);
INSERT INTO DeviceUnit VALUES(221,10,'10 - 1','Board H8 - _ - 1',1);
INSERT INTO DeviceUnit VALUES(222,10,'10 - 2','Board H8 - _ - 2',1);
INSERT INTO DeviceUnit VALUES(223,10,'10 - 3','Board H8 - _ - 3',1);
INSERT INTO DeviceUnit VALUES(224,10,'10 - 4','Board H8 - _ - 4',1);
INSERT INTO DeviceUnit VALUES(225,10,'10 - 5','Board H8 - _ - 5',1);
INSERT INTO DeviceUnit VALUES(226,10,'10 - 6','Board H8 - _ - 6',1);
INSERT INTO DeviceUnit VALUES(227,10,'10 - 7','Board H8 - _ - 7',1);
INSERT INTO DeviceUnit VALUES(228,10,'10 - 8','Board H8 - _ - 8',1);
INSERT INTO DeviceUnit VALUES(229,10,'10 - 9','Board H8 - _ - 9',1);
INSERT INTO DeviceUnit VALUES(230,10,'10 - 10','Board H8 - _ - 10',1);
INSERT INTO DeviceUnit VALUES(231,10,'10 - 11','Board H8 - _ - 11',1);
INSERT INTO DeviceUnit VALUES(232,10,'10 - 12','Board H8 - _ - 12',1);
INSERT INTO DeviceUnit VALUES(233,10,'10 - 13','Board H8 - _ - 13',1);
INSERT INTO DeviceUnit VALUES(234,10,'10 - 14','Board H8 - _ - 14',1);
INSERT INTO DeviceUnit VALUES(235,10,'10 - 15','Board H8 - _ - 15',1);
INSERT INTO DeviceUnit VALUES(236,10,'10 - 16','Board H8 - _ - 16',1);
INSERT INTO DeviceUnit VALUES(237,10,'10 - 17','Board H8 - _ - 17',1);
INSERT INTO DeviceUnit VALUES(238,10,'10 - 18','Board H8 - _ - 18',1);
INSERT INTO DeviceUnit VALUES(239,10,'10 - 19','Board H8 - _ - 19',1);
INSERT INTO DeviceUnit VALUES(240,11,'11 - 0','Board H8+Extension - _ - 0',1);
INSERT INTO DeviceUnit VALUES(241,12,'12 - 0','T-Engine - _ - 0',1);
INSERT INTO DeviceUnit VALUES(242,12,'12 - 1','T-Engine - _ - 1',1);
INSERT INTO DeviceUnit VALUES(243,12,'12 - 2','T-Engine - _ - 2',1);
INSERT INTO DeviceUnit VALUES(244,12,'12 - 3','T-Engine - _ - 3',1);
INSERT INTO DeviceUnit VALUES(245,12,'12 - 4','T-Engine - _ - 4',1);
INSERT INTO DeviceUnit VALUES(246,12,'12 - 5','T-Engine - _ - 5',1);
INSERT INTO DeviceUnit VALUES(247,12,'12 - 6','T-Engine - _ - 6',1);
INSERT INTO DeviceUnit VALUES(248,12,'12 - 7','T-Engine - _ - 7',1);
INSERT INTO DeviceUnit VALUES(249,12,'12 - 8','T-Engine - _ - 8',1);
INSERT INTO DeviceUnit VALUES(250,12,'12 - 9','T-Engine - _ - 9',1);
INSERT INTO DeviceUnit VALUES(251,12,'12 - 10','T-Engine - _ - 10',1);
INSERT INTO DeviceUnit VALUES(252,12,'12 - 11','T-Engine - _ - 11',1);
INSERT INTO DeviceUnit VALUES(253,12,'12 - 12','T-Engine - _ - 12',1);
INSERT INTO DeviceUnit VALUES(254,12,'12 - 13','T-Engine - _ - 13',1);
INSERT INTO DeviceUnit VALUES(255,12,'12 - 14','T-Engine - _ - 14',1);
INSERT INTO DeviceUnit VALUES(256,12,'12 - 15','T-Engine - _ - 15',1);
INSERT INTO DeviceUnit VALUES(257,12,'12 - 16','T-Engine - _ - 16',1);
INSERT INTO DeviceUnit VALUES(258,12,'12 - 17','T-Engine - _ - 17',1);
INSERT INTO DeviceUnit VALUES(259,12,'12 - 18','T-Engine - _ - 18',1);
INSERT INTO DeviceUnit VALUES(260,12,'12 - 19','T-Engine - _ - 19',1);
INSERT INTO DeviceUnit VALUES(261,12,'12 - 20','T-Engine - _ - 20',1);
INSERT INTO DeviceUnit VALUES(262,12,'12 - 21','T-Engine - _ - 21',1);
INSERT INTO DeviceUnit VALUES(263,12,'12 - 22','T-Engine - _ - 22',1);
INSERT INTO DeviceUnit VALUES(264,12,'12 - 23','T-Engine - _ - 23',1);
INSERT INTO DeviceUnit VALUES(265,12,'12 - 24','T-Engine - _ - 24',1);
INSERT INTO DeviceUnit VALUES(266,12,'12 - 25','T-Engine - _ - 25',1);
INSERT INTO DeviceUnit VALUES(267,12,'12 - 26','T-Engine - _ - 26',1);
INSERT INTO DeviceUnit VALUES(268,12,'12 - 27','T-Engine - _ - 27',1);
INSERT INTO DeviceUnit VALUES(269,12,'12 - 28','T-Engine - _ - 28',1);
INSERT INTO DeviceUnit VALUES(270,12,'12 - 29','T-Engine - _ - 29',1);
INSERT INTO DeviceUnit VALUES(271,12,'12 - 30','T-Engine - _ - 30',1);
INSERT INTO DeviceUnit VALUES(272,12,'12 - 31','T-Engine - _ - 31',1);
INSERT INTO DeviceUnit VALUES(273,12,'12 - 32','T-Engine - _ - 32',1);
INSERT INTO DeviceUnit VALUES(274,12,'12 - 33','T-Engine - _ - 33',1);
INSERT INTO DeviceUnit VALUES(275,12,'12 - 34','T-Engine - _ - 34',1);
INSERT INTO DeviceUnit VALUES(276,12,'12 - 35','T-Engine - _ - 35',1);
INSERT INTO DeviceUnit VALUES(277,12,'12 - 36','T-Engine - _ - 36',1);
INSERT INTO DeviceUnit VALUES(278,13,'13 - 0','LCD Touch Screen for DE2 - _ - 0',1);
INSERT INTO DeviceUnit VALUES(279,13,'13 - 1','LCD Touch Screen for DE2 - _ - 1',1);
INSERT INTO DeviceUnit VALUES(280,13,'13 - 2','LCD Touch Screen for DE2 - _ - 2',1);
INSERT INTO DeviceUnit VALUES(281,13,'13 - 3','LCD Touch Screen for DE2 - _ - 3',1);
INSERT INTO DeviceUnit VALUES(282,13,'13 - 4','LCD Touch Screen for DE2 - _ - 4',1);
INSERT INTO DeviceUnit VALUES(283,14,'14 - 0','Camera for DE2 - _ - 0',1);
INSERT INTO DeviceUnit VALUES(284,14,'14 - 1','Camera for DE2 - _ - 1',1);
INSERT INTO DeviceUnit VALUES(285,14,'14 - 2','Camera for DE2 - _ - 2',1);
INSERT INTO DeviceUnit VALUES(286,14,'14 - 3','Camera for DE2 - _ - 3',1);
INSERT INTO DeviceUnit VALUES(287,14,'14 - 4','Camera for DE2 - _ - 4',1);
INSERT INTO DeviceUnit VALUES(288,14,'14 - 5','Camera for DE2 - _ - 5',1);
INSERT INTO DeviceUnit VALUES(289,14,'14 - 6','Camera for DE2 - _ - 6',1);
INSERT INTO DeviceUnit VALUES(290,14,'14 - 7','Camera for DE2 - _ - 7',1);
INSERT INTO DeviceUnit VALUES(291,14,'14 - 8','Camera for DE2 - _ - 8',1);
INSERT INTO DeviceUnit VALUES(292,14,'14 - 9','Camera for DE2 - _ - 9',1);
INSERT INTO DeviceUnit VALUES(293,15,'15 - 0','Máy Tính - _ - 0',1);
INSERT INTO DeviceUnit VALUES(294,15,'15 - 1','Máy Tính - _ - 1',1);
INSERT INTO DeviceUnit VALUES(295,15,'15 - 2','Máy Tính - _ - 2',1);
INSERT INTO DeviceUnit VALUES(296,15,'15 - 3','Máy Tính - _ - 3',1);
INSERT INTO DeviceUnit VALUES(297,15,'15 - 4','Máy Tính - _ - 4',1);
INSERT INTO DeviceUnit VALUES(298,15,'15 - 5','Máy Tính - _ - 5',1);
INSERT INTO DeviceUnit VALUES(299,15,'15 - 6','Máy Tính - _ - 6',1);
INSERT INTO DeviceUnit VALUES(300,15,'15 - 7','Máy Tính - _ - 7',1);
INSERT INTO DeviceUnit VALUES(301,15,'15 - 8','Máy Tính - _ - 8',1);
INSERT INTO DeviceUnit VALUES(302,15,'15 - 9','Máy Tính - _ - 9',1);
INSERT INTO DeviceUnit VALUES(303,15,'15 - 10','Máy Tính - _ - 10',1);
INSERT INTO DeviceUnit VALUES(304,15,'15 - 11','Máy Tính - _ - 11',1);
INSERT INTO DeviceUnit VALUES(305,15,'15 - 12','Máy Tính - _ - 12',1);
INSERT INTO DeviceUnit VALUES(306,15,'15 - 13','Máy Tính - _ - 13',1);
INSERT INTO DeviceUnit VALUES(307,15,'15 - 14','Máy Tính - _ - 14',1);
INSERT INTO DeviceUnit VALUES(308,15,'15 - 15','Máy Tính - _ - 15',1);
INSERT INTO DeviceUnit VALUES(309,15,'15 - 16','Máy Tính - _ - 16',1);
INSERT INTO DeviceUnit VALUES(310,15,'15 - 17','Máy Tính - _ - 17',1);
INSERT INTO DeviceUnit VALUES(311,15,'15 - 18','Máy Tính - _ - 18',1);
INSERT INTO DeviceUnit VALUES(312,15,'15 - 19','Máy Tính - _ - 19',1);
INSERT INTO DeviceUnit VALUES(313,15,'15 - 20','Máy Tính - _ - 20',1);
INSERT INTO DeviceUnit VALUES(314,15,'15 - 21','Máy Tính - _ - 21',1);
INSERT INTO DeviceUnit VALUES(315,15,'15 - 22','Máy Tính - _ - 22',1);
INSERT INTO DeviceUnit VALUES(316,15,'15 - 23','Máy Tính - _ - 23',1);
INSERT INTO DeviceUnit VALUES(317,15,'15 - 24','Máy Tính - _ - 24',1);
INSERT INTO DeviceUnit VALUES(318,15,'15 - 25','Máy Tính - _ - 25',1);
INSERT INTO DeviceUnit VALUES(319,15,'15 - 26','Máy Tính - _ - 26',1);
INSERT INTO DeviceUnit VALUES(320,15,'15 - 27','Máy Tính - _ - 27',1);
INSERT INTO DeviceUnit VALUES(321,15,'15 - 28','Máy Tính - _ - 28',1);
INSERT INTO DeviceUnit VALUES(322,15,'15 - 29','Máy Tính - _ - 29',1);
INSERT INTO DeviceUnit VALUES(323,15,'15 - 30','Máy Tính - _ - 30',1);
INSERT INTO DeviceUnit VALUES(324,15,'15 - 31','Máy Tính - _ - 31',1);
INSERT INTO DeviceUnit VALUES(325,15,'15 - 32','Máy Tính - _ - 32',1);
INSERT INTO DeviceUnit VALUES(326,15,'15 - 33','Máy Tính - _ - 33',1);
INSERT INTO DeviceUnit VALUES(327,15,'15 - 34','Máy Tính - _ - 34',1);
INSERT INTO DeviceUnit VALUES(328,15,'15 - 35','Máy Tính - _ - 35',1);
INSERT INTO DeviceUnit VALUES(329,15,'15 - 36','Máy Tính - _ - 36',1);
INSERT INTO DeviceUnit VALUES(330,15,'15 - 37','Máy Tính - _ - 37',1);
INSERT INTO DeviceUnit VALUES(331,15,'15 - 38','Máy Tính - _ - 38',1);
INSERT INTO DeviceUnit VALUES(332,15,'15 - 39','Máy Tính - _ - 39',1);
INSERT INTO DeviceUnit VALUES(333,16,'16 - 0','Màn Hình - _ - 0',1);
INSERT INTO DeviceUnit VALUES(334,16,'16 - 1','Màn Hình - _ - 1',1);
INSERT INTO DeviceUnit VALUES(335,16,'16 - 2','Màn Hình - _ - 2',1);
INSERT INTO DeviceUnit VALUES(336,16,'16 - 3','Màn Hình - _ - 3',1);
INSERT INTO DeviceUnit VALUES(337,16,'16 - 4','Màn Hình - _ - 4',1);
INSERT INTO DeviceUnit VALUES(338,16,'16 - 5','Màn Hình - _ - 5',1);
INSERT INTO DeviceUnit VALUES(339,16,'16 - 6','Màn Hình - _ - 6',1);
INSERT INTO DeviceUnit VALUES(340,16,'16 - 7','Màn Hình - _ - 7',1);
INSERT INTO DeviceUnit VALUES(341,16,'16 - 8','Màn Hình - _ - 8',1);
INSERT INTO DeviceUnit VALUES(342,16,'16 - 9','Màn Hình - _ - 9',1);
INSERT INTO DeviceUnit VALUES(343,16,'16 - 10','Màn Hình - _ - 10',1);
INSERT INTO DeviceUnit VALUES(344,16,'16 - 11','Màn Hình - _ - 11',1);
INSERT INTO DeviceUnit VALUES(345,16,'16 - 12','Màn Hình - _ - 12',1);
INSERT INTO DeviceUnit VALUES(346,16,'16 - 13','Màn Hình - _ - 13',1);
INSERT INTO DeviceUnit VALUES(347,16,'16 - 14','Màn Hình - _ - 14',1);
INSERT INTO DeviceUnit VALUES(348,16,'16 - 15','Màn Hình - _ - 15',1);
INSERT INTO DeviceUnit VALUES(349,16,'16 - 16','Màn Hình - _ - 16',1);
INSERT INTO DeviceUnit VALUES(350,16,'16 - 17','Màn Hình - _ - 17',1);
INSERT INTO DeviceUnit VALUES(351,16,'16 - 18','Màn Hình - _ - 18',1);
INSERT INTO DeviceUnit VALUES(352,16,'16 - 19','Màn Hình - _ - 19',1);
INSERT INTO DeviceUnit VALUES(353,16,'16 - 20','Màn Hình - _ - 20',1);
INSERT INTO DeviceUnit VALUES(354,16,'16 - 21','Màn Hình - _ - 21',1);
INSERT INTO DeviceUnit VALUES(355,16,'16 - 22','Màn Hình - _ - 22',1);
INSERT INTO DeviceUnit VALUES(356,16,'16 - 23','Màn Hình - _ - 23',1);
INSERT INTO DeviceUnit VALUES(357,16,'16 - 24','Màn Hình - _ - 24',1);
INSERT INTO DeviceUnit VALUES(358,16,'16 - 25','Màn Hình - _ - 25',1);
INSERT INTO DeviceUnit VALUES(359,16,'16 - 26','Màn Hình - _ - 26',1);
INSERT INTO DeviceUnit VALUES(360,16,'16 - 27','Màn Hình - _ - 27',1);
INSERT INTO DeviceUnit VALUES(361,16,'16 - 28','Màn Hình - _ - 28',1);
INSERT INTO DeviceUnit VALUES(362,16,'16 - 29','Màn Hình - _ - 29',1);
INSERT INTO DeviceUnit VALUES(363,16,'16 - 30','Màn Hình - _ - 30',1);
INSERT INTO DeviceUnit VALUES(364,16,'16 - 31','Màn Hình - _ - 31',1);
INSERT INTO DeviceUnit VALUES(365,16,'16 - 32','Màn Hình - _ - 32',1);
INSERT INTO DeviceUnit VALUES(366,16,'16 - 33','Màn Hình - _ - 33',1);
INSERT INTO DeviceUnit VALUES(367,16,'16 - 34','Màn Hình - _ - 34',1);
INSERT INTO DeviceUnit VALUES(368,16,'16 - 35','Màn Hình - _ - 35',1);
INSERT INTO DeviceUnit VALUES(369,16,'16 - 36','Màn Hình - _ - 36',1);
INSERT INTO DeviceUnit VALUES(370,16,'16 - 37','Màn Hình - _ - 37',1);
INSERT INTO DeviceUnit VALUES(371,16,'16 - 38','Màn Hình - _ - 38',1);
INSERT INTO DeviceUnit VALUES(372,16,'16 - 39','Màn Hình - _ - 39',1);
INSERT INTO DeviceUnit VALUES(373,17,'17 - 0','Server IBM - _ - 0',1);
INSERT INTO DeviceUnit VALUES(374,18,'18 - 0','Stellaris 3748 - Texas Instruments - 0',1);
INSERT INTO DeviceUnit VALUES(375,18,'18 - 1','Stellaris 3748 - Texas Instruments - 1',1);
INSERT INTO DeviceUnit VALUES(376,18,'18 - 2','Stellaris 3748 - Texas Instruments - 2',1);
INSERT INTO DeviceUnit VALUES(377,18,'18 - 3','Stellaris 3748 - Texas Instruments - 3',1);
INSERT INTO DeviceUnit VALUES(378,18,'18 - 4','Stellaris 3748 - Texas Instruments - 4',1);
INSERT INTO DeviceUnit VALUES(379,19,'19 - 0','Stellaris 6965 - Texas Instruments - 0',1);
INSERT INTO DeviceUnit VALUES(380,19,'19 - 1','Stellaris 6965 - Texas Instruments - 1',1);
INSERT INTO DeviceUnit VALUES(381,19,'19 - 2','Stellaris 6965 - Texas Instruments - 2',0);
INSERT INTO DeviceUnit VALUES(382,19,'19 - 3','Stellaris 6965 - Texas Instruments - 3',1);
INSERT INTO DeviceUnit VALUES(383,19,'19 - 4','Stellaris 6965 - Texas Instruments - 4',1);
CREATE TABLE `Device_Tag` (
  `unit_id` INT NOT NULL ,
  `tag_id` INT NOT NULL ,
  PRIMARY KEY (`unit_id`, `tag_id`) );
CREATE TABLE `LabLog` (
  `log_id` INT NOT NULL ,
  `unit_id` INT NOT NULL ,
  `borrower_name` VARCHAR(80) NOT NULL ,
  `borrower_id` VARCHAR(45) NULL ,
  `receive_date` DATETIME NOT NULL ,
  `return_date` DATETIME NULL ,
  `borrow_type` INT NOT NULL ,
  `status_id` INT NULL , 
  `log_description` TEXT,
  PRIMARY KEY (`log_id`) );
INSERT INTO LabLog VALUES(0,1,'Tran Van A',50600818,'2013-04-23 10:14:25','',0,0,NULL);
INSERT INTO LabLog VALUES(1,1,'Tran Van A',50600818,'2013-04-23 10:16:12','',0,1,NULL);
INSERT INTO LabLog VALUES(2,1,'Tran Van A',50600818,'2013-04-23 10:16:27','',1,1,NULL);
INSERT INTO LabLog VALUES(3,1,'Tran Van 333','506008dd','2013-04-23 10:17:33','hfkdfh 3',1,3,'fdsf');
INSERT INTO LabLog VALUES(4,1,'Tran Van A',50600818,'2013-04-24 05:50:25','',0,3,NULL);
INSERT INTO LabLog VALUES(5,1,'Tran Van A',50600818,'2013-04-24 05:50:26','',0,4,NULL);
INSERT INTO LabLog VALUES(6,0,'Tran X',111122,'2013-04-25 19:04:50','',0,1,'dafd dsfafdf ');
INSERT INTO LabLog VALUES(7,0,'Tran X',111122,'2013-05-25 19:05:30','',0,1,' ');
INSERT INTO LabLog VALUES(8,63,'Tran M ',11112232,'2013-07-25 19:07:56','',1,1,' ');
INSERT INTO LabLog VALUES(9,63,'Tran M ',11112232,'2013-10-25 19:10:44','',1,1,'');
INSERT INTO LabLog VALUES(10,63,'Tran M ',11112232,'2013-11-25 19:11:36','',1,1,'The user here...
jdsfasdjf
ok');
INSERT INTO LabLog VALUES(11,379,'Phan hong Tuoi',00111100,'2013-32-26 13:32:13','',1,5,'not that ');
INSERT INTO LabLog VALUES(12,381,'Phan hong Tuoi',00111100,'2013-32-26 13:32:47','',0,1,'not that ');
CREATE TABLE `Tag` (
  `tag_id` INT NOT NULL ,
  `tag_name` VARCHAR(80) NULL ,
  `tag_description` TEXT NULL ,
  PRIMARY KEY (`tag_id`) );
CREATE TABLE session_log (session_id varchar(50), user_id bigint, remote_ip varchar(100), status int, start datetime, last_access datetime, primary key(session_id));
CREATE TABLE user (
  `id` INTEGER, 
  `name` varchar(50), 
  `pass` blob, 
  `power` INTEGER NOT NULL  DEFAULT 2, 
  primary key(`id`));
INSERT INTO user VALUES(0,'admin','vnhcmut',0);
INSERT INTO user VALUES(1,'user','passuser',1);
INSERT INTO user VALUES(2,'stranger','passstranger',2);
